,IoU 0.1,IoU 0.2,IoU 0.3,IoU 0.4,IoU 0.5,IoU 0.6,IoU 0.7,IoU 0.8,IoU 0.9
YOLO-RGB,0.78915,0.78915,0.78915,0.78915,0.78759,0.77313,0.47927,0.35375,0.02929
YOLO-T,0.92929,0.92929,0.92929,0.92929,0.92929,0.87205,0.56782,0.29968,0.01801
YOLO-RGBT,0.98990,0.98990,0.98990,0.98990,0.98867,0.93500,0.77491,0.43407,0.04040
YOLO-HST,0.91672,0.91672,0.91672,0.91672,0.91672,0.85451,0.70424,0.35662,0.05859
YOLO-GST,0.92684,0.92684,0.92684,0.92684,0.92684,0.90811,0.62358,0.39992,0.01070
YOLO-Late,0.96355,0.96355,0.96355,0.96355,0.96355,0.90900,0.51014,0.31863,0.01616
YOLO-Middle,0.98771,0.98771,0.98771,0.98771,0.98771,0.99186,0.74245,0.22455,0.04074
